{
  "brier": 0.18002590686466083,
  "ece": 0.013759469053283678
}