{
  "brier": 0.18081993123589177,
  "ece": 0.022610717760237396
}