{
  "brier": 0.18032600155071382,
  "ece": 0.016807824686520756
}