{
  "brier": 0.18053261135994875,
  "ece": 0.02213887915757145
}