{
  "feature_importance": [
    0.006770043009892835,
    0.03590218740964264,
    0.0455847451224303,
    0.21410802046700775,
    0.10518498914690555,
    0.03771138284569626,
    0.004213184868267036,
    0.002546804928435465,
    0.0019237846521598422,
    0.007305152537435103,
    0.09012159693129591,
    0.032338107547330526,
    0.06338839150402192,
    0.01087503576587109,
    0.0055312659875361835,
    0.09348851994064969,
    0.17200024277548207,
    0.01874643617221129,
    0.03708422554693554,
    0.0030753039695329623,
    0.004508456660137528,
    0.00759212221112245
  ],
  "n_features": 22,
  "top_k": 7
}