{
  "feature_importance": [
    0.0038280229345974428,
    0.018589291569295695,
    0.02724147418130881,
    0.25705267204341253,
    0.11153462180703276,
    0.03797751226402668,
    0.004363522627387724,
    0.002280528680612938,
    0.0018501543075866438,
    0.00598157046976908,
    0.07548443552320455,
    0.03725875928307488,
    0.03843774990876557,
    0.009278173871464403,
    0.004414574156754483,
    0.111627936504936,
    0.1764224277289931,
    0.02288565589665083,
    0.039893155844975506,
    0.0028431410722488644,
    0.004613692001263506,
    0.00614092732263816
  ],
  "n_features": 22,
  "top_k": 5
}