{
  "feature_importance": [
    0.0021920247218143256,
    0.009610789075783315,
    0.01902847815784693,
    0.27099819485329085,
    0.12023276994220299,
    0.04602631917796136,
    0.0038587415694109227,
    0.0016190914053592412,
    0.001326655886306415,
    0.004332237969280286,
    0.0685288719105751,
    0.03436380184316758,
    0.028837230812672535,
    0.009095733593519147,
    0.004868848496855101,
    0.1023472811507296,
    0.19912484465703262,
    0.021091166274748004,
    0.04286065921212503,
    0.002464073063477574,
    0.0035678828070653985,
    0.003624303418775661
  ],
  "n_features": 22,
  "top_k": 6
}