fold,roc_auc,pr_auc,accuracy,f1,brier,ece,f1_best,threshold_f1,f1_recall_08,threshold_recall_08,f1_recall_09,threshold_recall_09,n_train_fold,n_val_fold
0,0.7981715350336291,0.7833298809424045,0.7361371551031342,0.7254482950850135,0.18171402933591496,0.00892727097040048,0.7388330659461285,0.38999999999999985,0.7385475778761326,0.36715422011696963,0.725478899563001,0.26348234063418025,44794,11199
1,0.802845442239217,0.7889756383031792,0.7369407982855612,0.7252378287632905,0.18005683255430224,0.013589469582670726,0.7445409529994318,0.33999999999999986,0.7449889551986582,0.3441578488417863,0.7326012653142507,0.26586193929190366,44794,11199
2,0.8087760316036148,0.7960807658294122,0.7422984195017412,0.7327777777777778,0.17679655416184442,0.012596900763121395,0.7461768617021277,0.3699999999999999,0.7464449063951464,0.37062918355318675,0.7326012653142507,0.25664456159894344,44794,11199
3,0.8019513479179676,0.7847059584829599,0.7376317199499911,0.7271038454393461,0.18004884952276293,0.010846422924502079,0.7430272641805077,0.3199999999999999,0.7435634988877974,0.32462315855067053,0.7298276111353359,0.26109841198871564,44795,11198
4,0.7985300039631511,0.7813815381243768,0.7347740667976425,0.725152692948362,0.18205777736605744,0.009566837803616796,0.7408704352176088,0.3699999999999999,0.7411638108930736,0.3650863131117772,0.7315904138951076,0.264460846828897,44795,11198
