fold,roc_auc,pr_auc,accuracy,f1,brier,ece,f1_best,threshold_f1,f1_recall_08,threshold_recall_08,f1_recall_09,threshold_recall_09,n_train_fold,n_val_fold
0,0.7982257539199936,0.7834104879074915,0.7351549245468345,0.7245542347696879,0.18168325316822279,0.009196705225595642,0.738531722564839,0.3899999999999999,0.7380481371082296,0.3692379745861869,0.7253188135355715,0.2596272188051568,44794,11199
1,0.8028355871592837,0.7888146470479206,0.7361371551031342,0.7237543236421426,0.18009046140044935,0.014607482381094371,0.7435072965619589,0.34999999999999987,0.7442657741728862,0.3433936898402094,0.7328677432952441,0.26634046184026,44794,11199
2,0.809817767771452,0.7968209258009323,0.7423877131886776,0.7288788647683488,0.17653773687189248,0.01492582269166805,0.7465930942228911,0.3599999999999999,0.7470862470364802,0.35694151185190476,0.7334835379995637,0.2531404459906484,44794,11199
3,0.8019757188729952,0.7846829284793496,0.7373638149669584,0.726393152851428,0.18002590686466083,0.010585048962975465,0.7433988874089164,0.3199999999999999,0.7439243572220219,0.31796003433519926,0.7296690563642803,0.26090645435472887,44795,11198
4,0.7989876930505009,0.7806167503561956,0.7345061618146097,0.7219156299691329,0.1820425633553694,0.012749816438043148,0.7407347204161249,0.34999999999999987,0.7414380781844734,0.34912263821294287,0.7300253530847142,0.2644073560380566,44795,11198
