{
  "roc_auc_mean": 0.8023685041548451,
  "roc_auc_std": 0.004109896311879303,
  "pr_auc_mean": 0.7868691479183779,
  "pr_auc_std": 0.0056330668319987875,
  "accuracy_mean": 0.7371099539240429,
  "accuracy_std": 0.0028095337351739754,
  "f1_mean": 0.725099241200148,
  "f1_std": 0.0023749095728442617,
  "brier_mean": 0.18007598433211897,
  "brier_std": 0.0019479557794905302,
  "ece_mean": 0.012412975139875335,
  "ece_std": 0.002232909903250074,
  "f1_best_mean": 0.742553144234946,
  "f1_best_std": 0.002735886749053088,
  "threshold_f1_mean": 0.35399999999999987,
  "threshold_f1_std": 0.02244994432064365,
  "f1_recall_08_mean": 0.7429525187448183,
  "f1_recall_08_std": 0.0030365542604253106,
  "threshold_recall_08_mean": 0.34733116976528866,
  "threshold_recall_08_std": 0.01705076817210715,
  "f1_recall_09_mean": 0.7302729008558748,
  "f1_recall_09_std": 0.002898630276520697,
  "threshold_recall_09_mean": 0.26088438740577014,
  "threshold_recall_09_std": 0.0045547699107685,
  "n_folds": 5,
  "model_name": "rf",
  "seed": 42,
  "input_dim": 22,
  "n_train": 55993,
  "n_test": 13999,
  "train_oof": {
    "pr_auc": 0.7872438616090631,
    "roc_auc": 0.802326785274079,
    "f1": 0.7250961789862922,
    "accuracy": 0.7371099958923437,
    "brier": 0.18007595010459845,
    "ece": 0.010601823863523758,
    "n_train": 55993,
    "source": "oof_predictions"
  },
  "test_final_model": {
    "pr_auc": 0.7723182898788126,
    "roc_auc": 0.7969495119504875,
    "f1_at_oof_threshold": 0.7387105194466197,
    "f1_at_0.5": 0.7113619262603461,
    "accuracy_at_oof_threshold": 0.7139795699692835,
    "threshold_source": "oof",
    "n_test": 13999
  },
  "test_ensemble": {
    "pr_auc": 0.7743459325177846,
    "roc_auc": 0.7979772918487507,
    "f1": 0.7174461766889384,
    "n_test": 13999,
    "role": "diagnostic_only"
  }
}