{
  "roc_auc_mean": 0.8022713975492263,
  "roc_auc_std": 0.004181894070144631,
  "pr_auc_mean": 0.787173108003298,
  "pr_auc_std": 0.005854683753228025,
  "accuracy_mean": 0.7364669596373556,
  "accuracy_std": 0.0036790079783577965,
  "f1_mean": 0.7238836244793467,
  "f1_std": 0.00500706127238762,
  "brier_mean": 0.1801870599596409,
  "brier_std": 0.0020001931872448897,
  "ece_mean": 0.012850844744173574,
  "ece_std": 0.0017358648380068355,
  "f1_best_mean": 0.7429642300753947,
  "f1_best_std": 0.0027236287831721192,
  "threshold_f1_mean": 0.3639999999999998,
  "threshold_f1_std": 0.028705400188814637,
  "f1_recall_08_mean": 0.7430507267993482,
  "f1_recall_08_std": 0.003003177777516693,
  "threshold_recall_08_mean": 0.34879874810358785,
  "threshold_recall_08_std": 0.0124198810987305,
  "f1_recall_09_mean": 0.7307384821560521,
  "f1_recall_09_std": 0.0031017979415159675,
  "threshold_recall_09_mean": 0.2618798280105071,
  "threshold_recall_09_std": 0.004586402608723878,
  "n_folds": 5,
  "model_name": "rf",
  "seed": 42,
  "input_dim": 22,
  "n_train": 55993,
  "n_test": 13999,
  "train_oof": {
    "pr_auc": 0.7871386174916717,
    "roc_auc": 0.8021643913054051,
    "f1": 0.7239082438348988,
    "accuracy": 0.7364670583822978,
    "brier": 0.18018702265167064,
    "ece": 0.011885883910706187,
    "n_train": 55993,
    "source": "oof_predictions"
  },
  "test_final_model": {
    "pr_auc": 0.7736731314617246,
    "roc_auc": 0.7978290665315724,
    "f1_at_oof_threshold": 0.7391675981326846,
    "f1_at_0.5": 0.7178460169114375,
    "accuracy_at_oof_threshold": 0.7166226159011357,
    "threshold_source": "oof",
    "n_test": 13999
  },
  "test_ensemble": {
    "pr_auc": 0.7739195031745486,
    "roc_auc": 0.7977112741458062,
    "f1": 0.7166133472211889,
    "n_test": 13999,
    "role": "diagnostic_only"
  }
}