{
  "roc_auc_mean": 0.8020548721515158,
  "roc_auc_std": 0.0038292220000292693,
  "pr_auc_mean": 0.7868947563364664,
  "pr_auc_std": 0.005226998906384046,
  "accuracy_mean": 0.737556431927614,
  "accuracy_std": 0.0025544870969220006,
  "f1_mean": 0.727144088002758,
  "f1_std": 0.0029056934496148224,
  "brier_mean": 0.1801348085881764,
  "brier_std": 0.0018627484493889015,
  "ece_mean": 0.011105380408862294,
  "ece_std": 0.0017648606201839095,
  "f1_best_mean": 0.7426897160091609,
  "f1_best_std": 0.002603256981294856,
  "threshold_f1_mean": 0.3579999999999999,
  "threshold_f1_std": 0.024819347291981705,
  "f1_recall_08_mean": 0.7429417498501616,
  "f1_recall_08_std": 0.0028042660949295457,
  "threshold_recall_08_mean": 0.35433014483487807,
  "threshold_recall_08_std": 0.017503093245731245,
  "f1_recall_09_mean": 0.7304198910443892,
  "f1_recall_09_std": 0.002670247309306774,
  "threshold_recall_09_mean": 0.262309620068528,
  "threshold_recall_09_std": 0.003230539720876685,
  "n_folds": 5,
  "model_name": "rf",
  "seed": 42,
  "input_dim": 22,
  "n_train": 55993,
  "n_test": 13999,
  "train_oof": {
    "pr_auc": 0.7869598818668594,
    "roc_auc": 0.8019692378604879,
    "f1": 0.7271478173682159,
    "accuracy": 0.73755648027432,
    "brier": 0.18013477578033055,
    "ece": 0.009458002681986198,
    "n_train": 55993,
    "source": "oof_predictions"
  },
  "test_final_model": {
    "pr_auc": 0.7742143412859716,
    "roc_auc": 0.7967881010708064,
    "f1_at_oof_threshold": 0.7369253062837571,
    "f1_at_0.5": 0.7195985832349469,
    "accuracy_at_oof_threshold": 0.714693906707622,
    "threshold_source": "oof",
    "n_test": 13999
  },
  "test_ensemble": {
    "pr_auc": 0.7751471624419907,
    "roc_auc": 0.7980778572766954,
    "f1": 0.71812675432117,
    "n_test": 13999,
    "role": "diagnostic_only"
  }
}