{
  "brier": 0.1802326092343418,
  "ece": 0.016045624978350305
}