{
  "brier": 0.178995707890108,
  "ece": 6.821159501179744e-18
}