{
  "brier": 0.18024408741729697,
  "ece": 0.01593835588006625
}