{
  "brier": 0.1789641790898194,
  "ece": 8.11995585968926e-18
}