{
  "roc_auc": 0.8019636677328864,
  "pr_auc": 0.7896886032669437,
  "accuracy": 0.7347084561121529,
  "f1": 0.7226733874731635,
  "brier": 0.18035827384435704,
  "ece": 0.014474843695251486,
  "f1_best": 0.7420967878633783,
  "threshold_f1": 0.3899999999999999,
  "f1_recall_08": 0.7404793170875605,
  "threshold_recall_08": 0.36038014233652743,
  "f1_recall_09": 0.7299978277702036,
  "threshold_recall_09": 0.26511517404095075
}