{
  "roc_auc": 0.8018034987638731,
  "pr_auc": 0.7862522924332519,
  "accuracy": 0.7342619876774712,
  "f1": 0.7223362567643217,
  "brier": 0.18044626267389427,
  "ece": 0.015398925492752192,
  "f1_best": 0.7420596727622714,
  "threshold_f1": 0.33999999999999986,
  "f1_recall_08": 0.7425352112180981,
  "threshold_recall_08": 0.3435359919802573,
  "f1_recall_09": 0.7300529023360154,
  "threshold_recall_09": 0.26817232377897265
}