fold,roc_auc,pr_auc,accuracy,f1,brier,ece,f1_best,threshold_f1,f1_recall_08,threshold_recall_08,f1_recall_09,threshold_recall_09,n_train_fold,n_val_fold
0,0.7999660844919059,0.7865975032747817,0.7381909099026699,0.7296699243960907,0.18116185295508777,0.0075477239614106986,0.7417020214624407,0.3899999999999999,0.741916811328761,0.38484248277987826,0.727890173362235,0.26640830011993477,44794,11199
1,0.8019636677328864,0.7896886032669437,0.7347084561121529,0.7226733874731635,0.18035827384435704,0.014474843695251486,0.7420967878633783,0.3899999999999999,0.7404793170875605,0.36038014233652743,0.7299978277702036,0.26511517404095075,44794,11199
2,0.80987724907914,0.7972751629967461,0.7440842932404679,0.7340879569493413,0.17634012005169342,0.012298886999200672,0.7465605834576496,0.3699999999999999,0.7471747916685165,0.36514781841837796,0.7348823783614333,0.2554843831602533,44794,11199
3,0.8020176343637101,0.781944716540609,0.7374531166279693,0.7257462686567164,0.1802326092343418,0.011732113209158415,0.7438806937915383,0.34999999999999987,0.744252644927135,0.3362891315888959,0.7296162200821373,0.26501217517542863,44795,11198
4,0.7986511729064392,0.7761407019823875,0.7350419717806751,0.7241283124128313,0.18179735165181932,0.009015255420118155,0.7423870916712806,0.32999999999999985,0.7438642727225017,0.3641192463026715,0.7299471052340127,0.2713065235413312,44795,11198
