{
  "roc_auc_mean": 0.8024951617148164,
  "roc_auc_std": 0.0039032861446930468,
  "pr_auc_mean": 0.7863293376122936,
  "pr_auc_std": 0.0071302295874568515,
  "accuracy_mean": 0.7378957495327871,
  "accuracy_std": 0.003372951335608621,
  "f1_mean": 0.7272611699776286,
  "f1_std": 0.004136776258085325,
  "brier_mean": 0.17997804154745986,
  "brier_std": 0.0019055263220864773,
  "ece_mean": 0.011013764657027884,
  "ece_std": 0.002455773175976091,
  "f1_best_mean": 0.7433254356492576,
  "f1_best_std": 0.0017776406482426716,
  "threshold_f1_mean": 0.3659999999999999,
  "threshold_f1_std": 0.023323807579381222,
  "f1_recall_08_mean": 0.743537567546895,
  "f1_recall_08_std": 0.002272761220764037,
  "threshold_recall_08_mean": 0.3621557642852702,
  "threshold_recall_08_std": 0.015490192806906531,
  "f1_recall_09_mean": 0.7304667409620045,
  "f1_recall_09_std": 0.002338796309119576,
  "threshold_recall_09_mean": 0.26466531120757975,
  "threshold_recall_09_std": 0.005133338925140075,
  "n_folds": 5,
  "model_name": "tabnet",
  "seed": 42,
  "input_dim": 19,
  "n_train": 55993,
  "n_test": 13999,
  "train_oof": {
    "pr_auc": 0.7863361068371563,
    "roc_auc": 0.8024908237870874,
    "f1": 0.7272727272727273,
    "accuracy": 0.737895808404622,
    "brier": 0.1799780045092981,
    "ece": 0.008324684481627329,
    "n_train": 55993,
    "source": "oof_predictions"
  },
  "test_final_model": {
    "pr_auc": 0.775884182338508,
    "roc_auc": 0.797921661429862,
    "f1_at_oof_threshold": 0.7403939925882582,
    "f1_at_0.5": 0.7201597396834788,
    "accuracy_at_oof_threshold": 0.7147653403814558,
    "threshold_source": "oof",
    "n_test": 13999
  },
  "test_ensemble": {
    "pr_auc": 0.7753061219069024,
    "roc_auc": 0.7978724400924377,
    "f1": 0.7204738985560903,
    "n_test": 13999,
    "role": "diagnostic_only"
  }
}