{
  "roc_auc_mean": 0.8024782010372966,
  "roc_auc_std": 0.004003984604289643,
  "pr_auc_mean": 0.7858684241461502,
  "pr_auc_std": 0.0069994124778039925,
  "accuracy_mean": 0.737645711261216,
  "accuracy_std": 0.0034656565602746055,
  "f1_mean": 0.7268486667376669,
  "f1_std": 0.004263260332360203,
  "brier_mean": 0.17999720567504446,
  "brier_std": 0.0019321092770446784,
  "ece_mean": 0.011223450791987777,
  "ece_std": 0.002696962049282729,
  "f1_best_mean": 0.7433967519083637,
  "f1_best_std": 0.0021210105684228023,
  "threshold_f1_mean": 0.3639999999999999,
  "threshold_f1_std": 0.018547236990991426,
  "f1_recall_08_mean": 0.7438827100694597,
  "f1_recall_08_std": 0.001968256118031687,
  "threshold_recall_08_mean": 0.3640314124528685,
  "threshold_recall_08_std": 0.014908335324242936,
  "f1_recall_09_mean": 0.7304818883306918,
  "f1_recall_09_std": 0.002618023384225494,
  "threshold_recall_09_mean": 0.26485307140329295,
  "threshold_recall_09_std": 0.0035344154654809406,
  "n_folds": 5,
  "model_name": "tabnet",
  "seed": 42,
  "input_dim": 19,
  "n_train": 55993,
  "n_test": 13999,
  "train_oof": {
    "pr_auc": 0.7859961504651731,
    "roc_auc": 0.8024820339591644,
    "f1": 0.7268602878286415,
    "accuracy": 0.7376457771507152,
    "brier": 0.1799971696837261,
    "ece": 0.008782034950492536,
    "n_train": 55993,
    "source": "oof_predictions"
  },
  "test_final_model": {
    "pr_auc": 0.7755191946995842,
    "roc_auc": 0.79794459328663,
    "f1_at_oof_threshold": 0.7404462682739164,
    "f1_at_0.5": 0.7210332103321033,
    "accuracy_at_oof_threshold": 0.7108364883205943,
    "threshold_source": "oof",
    "n_test": 13999
  },
  "test_ensemble": {
    "pr_auc": 0.7750659643508361,
    "roc_auc": 0.7978512737947355,
    "f1": 0.7206045787952878,
    "n_test": 13999,
    "role": "diagnostic_only"
  }
}