{
  "brier": 0.18213710354862103,
  "ece": 0.013074137756290667
}