{
  "brier": 0.1824442547300663,
  "ece": 0.018096195781206862
}