{
  "brier": 0.1825586176858132,
  "ece": 0.019155271236600546
}