{
  "brier": 0.18204256335536936,
  "ece": 0.013590365753916587
}