{
  "feature_importance": [
    0.003200549546675164,
    0.01547967836278178,
    0.02383259826026012,
    0.25554060946713913,
    0.10930813829922938,
    0.043141601652941106,
    0.004376290029818075,
    0.0021027867956435868,
    0.0015378991931418095,
    0.005437524772024312,
    0.07420324491096479,
    0.03679032023081397,
    0.036502453592142596,
    0.008603349861713799,
    0.005403243623398106,
    0.11453811433150395,
    0.1824347127758755,
    0.02361578565624533,
    0.041871143361246234,
    0.0026883017279962355,
    0.004337650581547424,
    0.005054002966897565
  ],
  "n_features": 22,
  "top_k": 5
}