{
  "feature_importance": [
    0.0017714426836302809,
    0.009696506980658154,
    0.016836786600995458,
    0.304842626290508,
    0.10103342610674725,
    0.04244562601145894,
    0.0032753797049278593,
    0.0015646498952267677,
    0.001039066581963529,
    0.00444789936389904,
    0.0737638535938929,
    0.03425701464552209,
    0.025652387727392253,
    0.004240842052025292,
    0.0029053773542532563,
    0.10607035641207199,
    0.1919806806898324,
    0.019862337774718884,
    0.04585890266821668,
    0.0018874682564744086,
    0.0034553942349198315,
    0.0031119743706647736
  ],
  "n_features": 22,
  "top_k": 6
}