{
  "feature_importance": [
    0.003695185536958486,
    0.01894118044271335,
    0.027580786390813728,
    0.24604682144152434,
    0.11485502143358244,
    0.04108561015626817,
    0.004702732234771343,
    0.002556696977509457,
    0.0020535343042491394,
    0.00598109261695323,
    0.075265221352629,
    0.0366562432222856,
    0.039232652206259336,
    0.009036626345634052,
    0.005944791386890487,
    0.10947839537946781,
    0.1770489780523798,
    0.02254896608060034,
    0.043234618849263946,
    0.003064929361510317,
    0.004805578683104458,
    0.0061843375446311525
  ],
  "n_features": 22,
  "top_k": 5
}