{
  "roc_auc": 0.8025081529258361,
  "pr_auc": 0.7906468184132481,
  "accuracy": 0.7350656308598982,
  "f1": 0.7223729765135211,
  "brier": 0.18042782074725902,
  "ece": 0.01416839241027226,
  "f1_best": 0.7428245270711024,
  "threshold_f1": 0.33999999999999986,
  "f1_recall_08": 0.743486000921476,
  "threshold_recall_08": 0.33561936539678855,
  "f1_recall_09": 0.7326646314388741,
  "threshold_recall_09": 0.2650250271203083
}