{
  "roc_auc": 0.8028355871592837,
  "pr_auc": 0.7888146470479206,
  "accuracy": 0.7361371551031342,
  "f1": 0.7237543236421426,
  "brier": 0.18009046140044935,
  "ece": 0.014607482381094371,
  "f1_best": 0.7435072965619589,
  "threshold_f1": 0.34999999999999987,
  "f1_recall_08": 0.7442657741728862,
  "threshold_recall_08": 0.3433936898402094,
  "f1_recall_09": 0.7328677432952441,
  "threshold_recall_09": 0.26634046184026
}