{
  "roc_auc": 0.802845442239217,
  "pr_auc": 0.7889756383031792,
  "accuracy": 0.7369407982855612,
  "f1": 0.7252378287632905,
  "brier": 0.18005683255430224,
  "ece": 0.013589469582670726,
  "f1_best": 0.7445409529994318,
  "threshold_f1": 0.33999999999999986,
  "f1_recall_08": 0.7449889551986582,
  "threshold_recall_08": 0.3441578488417863,
  "f1_recall_09": 0.7326012653142507,
  "threshold_recall_09": 0.26586193929190366
}