{
  "roc_auc": 0.7986511729064392,
  "pr_auc": 0.7761407019823875,
  "accuracy": 0.7350419717806751,
  "f1": 0.7241283124128313,
  "brier": 0.18179735165181932,
  "ece": 0.009015255420118155,
  "f1_best": 0.7423870916712806,
  "threshold_f1": 0.32999999999999985,
  "f1_recall_08": 0.7438642727225017,
  "threshold_recall_08": 0.3641192463026715,
  "f1_recall_09": 0.7299471052340127,
  "threshold_recall_09": 0.2713065235413312
}