{
  "roc_auc": 0.7985657469672196,
  "pr_auc": 0.7763854394061613,
  "accuracy": 0.7345954634756207,
  "f1": 0.7232774674115456,
  "brier": 0.1817655858265766,
  "ece": 0.009564334537367464,
  "f1_best": 0.7431237721021611,
  "threshold_f1": 0.3599999999999999,
  "f1_recall_08": 0.7434685244588416,
  "threshold_recall_08": 0.3716198605488341,
  "f1_recall_09": 0.7302940538496714,
  "threshold_recall_09": 0.2676783448502213
}