{
  "brier": 0.18116185295508777,
  "ece": 0.010358624494547672
}