{
  "brier": 0.1801867338864568,
  "ece": 4.4189830630115505e-18
}