{
  "brier": 0.18000801032398572,
  "ece": 5.4698236792296646e-18
}