{
  "brier": 0.18123881120813695,
  "ece": 0.009854628073279166
}