{
  "brier": 0.17913221979639002,
  "ece": 1.6823363450208863e-17
}