{
  "brier": 0.17918367145677494,
  "ece": 2.0992028347564684e-17
}