{
  "brier": 0.18044626267389427,
  "ece": 0.01592871587724748
}