{
  "brier": 0.18035827384435704,
  "ece": 0.013998652768210896
}