feature,importance
age,0.2707426243287568
weight,0.1882564455065424
height,0.16719140052034936
ap_hi,0.12089660367934724
ap_lo,0.10525230309200906
cholesterol,0.03553740244779417
gluc,0.031042733359217062
gender,0.022445629161070138
active,0.021275164817029946
smoke,0.019618766438855084
alco,0.01774092664902881
