{
  "variables": [
    "age",
    "cholesterol",
    "ap_hi",
    "ap_lo"
  ],
  "pc_algorithm": {
    "method": "Correlation_based",
    "edges": [],
    "correlation_matrix": {
      "age": {
        "age": 1.0,
        "cholesterol": 0.15442374182535887,
        "ap_hi": 0.020764319327034195,
        "ap_lo": 0.017647434023935406
      },
      "cholesterol": {
        "age": 0.15442374182535887,
        "cholesterol": 1.0,
        "ap_hi": 0.023777921557725793,
        "ap_lo": 0.024019290309646158
      },
      "ap_hi": {
        "age": 0.020764319327034195,
        "cholesterol": 0.023777921557725793,
        "ap_hi": 1.0,
        "ap_lo": 0.01608551340342334
      },
      "ap_lo": {
        "age": 0.017647434023935406,
        "cholesterol": 0.024019290309646158,
        "ap_hi": 0.01608551340342334,
        "ap_lo": 1.0
      }
    },
    "graph_file": "artifacts/eda/causal_dag_correlation.png"
  },
  "notears": {}
}