feature,mutual_information
ap_hi,0.1191450254985349
ap_lo,0.07735473456155084
age,0.03480433017811935
cholesterol,0.029598486194755358
weight,0.01599836149659084
gluc,0.0066433112750454715
active,0.006501943644154018
gender,0.004724176455505491
height,0.0013419185059737604
smoke,0.00010434760446820235
alco,0.0
