{
  "brier": 0.18203430361816883,
  "ece": 0.020037565857419698
}