{
  "brier": 0.1816115947529869,
  "ece": 0.01093178519384446
}