{
  "brier": 0.182097803974451,
  "ece": 0.021128541764578027
}