{
  "brier": 0.1816832531682228,
  "ece": 0.012643442639170221
}