{
  "brier": 0.17634012005169342,
  "ece": 0.015261236028701688
}