{
  "brier": 0.17488540225874774,
  "ece": 9.634770980065845e-18
}