{
  "brier": 0.17489314055740174,
  "ece": 2.7222720114480578e-17
}