{
  "brier": 0.1762912812493177,
  "ece": 0.014710014863544786
}