{
  "brier": 0.18179735165181932,
  "ece": 0.00930652926829319
}