{
  "brier": 0.18073467323270156,
  "ece": 1.4361118513748343e-17
}