{
  "brier": 0.1817655858265766,
  "ece": 0.009995617013553662
}