{
  "brier": 0.18068828011338434,
  "ece": 8.744567848896126e-18
}