{
  "feature_importance": [
    0.004087274149806405,
    0.0203339067811873,
    0.029593607995414228,
    0.25353130238608745,
    0.10667770777282139,
    0.03868460715867703,
    0.004637569338612226,
    0.0024059476557294762,
    0.0020800721478937954,
    0.006339343689946204,
    0.0801299944688281,
    0.036054507004312696,
    0.039748557740730696,
    0.00873035859015492,
    0.005814299157295932,
    0.10058546813799454,
    0.1829282116785257,
    0.023232728481440666,
    0.039484999523187785,
    0.00331166125228881,
    0.004849785001359381,
    0.006758089887705242
  ],
  "n_features": 22,
  "top_k": 5
}