{
  "feature_importance": [
    0.0068198640942765225,
    0.03697390680451955,
    0.04522786269177168,
    0.23056226944121747,
    0.09931899777276003,
    0.03564528000304488,
    0.004587802859057607,
    0.002650668842640996,
    0.002026856537906325,
    0.007309893149653587,
    0.08970481553924166,
    0.03289063941966731,
    0.0630174908108369,
    0.009882264942049137,
    0.00580873811164802,
    0.0931381152837951,
    0.15807035107627962,
    0.019868431356209967,
    0.040332902416931445,
    0.0031019270469386244,
    0.00469932060549701,
    0.008361601194056595
  ],
  "n_features": 22,
  "top_k": 6
}