{
  "feature_importance": [
    0.002504725073647648,
    0.010746437031572591,
    0.018754040269456183,
    0.2681554119670382,
    0.11932480394133885,
    0.04190725756940783,
    0.0037451282629428393,
    0.001757370306035305,
    0.0013920923206454312,
    0.004781837095494469,
    0.07280614648888697,
    0.03417250711683479,
    0.02853332816195161,
    0.008734614813842282,
    0.005752620754637513,
    0.10108323622022972,
    0.19338173079211723,
    0.025638465996374194,
    0.04595641412768467,
    0.0025621981832880613,
    0.003851058233101013,
    0.004458575273472498
  ],
  "n_features": 22,
  "top_k": 6
}