{
  "roc_auc": 0.8098387536698213,
  "pr_auc": 0.7966183215436444,
  "accuracy": 0.7435485311188499,
  "f1": 0.7325884543761638,
  "brier": 0.17643277919862368,
  "ece": 0.013927421866293123,
  "f1_best": 0.7471967380224261,
  "threshold_f1": 0.3799999999999999,
  "f1_recall_08": 0.7471121083188971,
  "threshold_recall_08": 0.36066842351238365,
  "f1_recall_09": 0.7348391313338417,
  "threshold_recall_09": 0.2527898055370032
}