{
  "roc_auc": 0.8087760316036148,
  "pr_auc": 0.7960807658294122,
  "accuracy": 0.7422984195017412,
  "f1": 0.7327777777777778,
  "brier": 0.17679655416184442,
  "ece": 0.012596900763121395,
  "f1_best": 0.7461768617021277,
  "threshold_f1": 0.3699999999999999,
  "f1_recall_08": 0.7464449063951464,
  "threshold_recall_08": 0.37062918355318675,
  "f1_recall_09": 0.7326012653142507,
  "threshold_recall_09": 0.25664456159894344
}