{
  "roc_auc": 0.809817767771452,
  "pr_auc": 0.7968209258009323,
  "accuracy": 0.7423877131886776,
  "f1": 0.7288788647683488,
  "brier": 0.17653773687189248,
  "ece": 0.01492582269166805,
  "f1_best": 0.7465930942228911,
  "threshold_f1": 0.3599999999999999,
  "f1_recall_08": 0.7470862470364802,
  "threshold_recall_08": 0.35694151185190476,
  "f1_recall_09": 0.7334835379995637,
  "threshold_recall_09": 0.2531404459906484
}