{
  "brier": 0.18042782074725902,
  "ece": 0.018717052268954662
}