{
  "brier": 0.18009046140044938,
  "ece": 0.016645760266981623
}