{
  "brier": 0.18102413665443481,
  "ece": 0.025436219269582276
}