{
  "brier": 0.18066732911991162,
  "ece": 0.024168622944512292
}