{
  "roc_auc": 0.8100730749393035,
  "pr_auc": 0.7976456301299463,
  "accuracy": 0.7438164121796589,
  "f1": 0.7337354988399072,
  "brier": 0.1762912812493177,
  "ece": 0.01265977241722615,
  "f1_best": 0.7470524291328706,
  "threshold_f1": 0.3799999999999999,
  "f1_recall_08": 0.7474123538734216,
  "threshold_recall_08": 0.37819598346048383,
  "f1_recall_09": 0.7354286128573276,
  "threshold_recall_09": 0.25851940653361954
}