{
  "roc_auc": 0.80987724907914,
  "pr_auc": 0.7972751629967461,
  "accuracy": 0.7440842932404679,
  "f1": 0.7340879569493413,
  "brier": 0.17634012005169342,
  "ece": 0.012298886999200672,
  "f1_best": 0.7465605834576496,
  "threshold_f1": 0.3699999999999999,
  "f1_recall_08": 0.7471747916685165,
  "threshold_recall_08": 0.36514781841837796,
  "f1_recall_09": 0.7348823783614333,
  "threshold_recall_09": 0.2554843831602533
}