{
  "roc_auc": 0.7999660844919059,
  "pr_auc": 0.7865975032747817,
  "accuracy": 0.7381909099026699,
  "f1": 0.7296699243960907,
  "brier": 0.18116185295508777,
  "ece": 0.0075477239614106986,
  "f1_best": 0.7417020214624407,
  "threshold_f1": 0.3899999999999999,
  "f1_recall_08": 0.741916811328761,
  "threshold_recall_08": 0.38484248277987826,
  "f1_recall_09": 0.727890173362235,
  "threshold_recall_09": 0.26640830011993477
}