{
  "roc_auc": 0.7999275252956619,
  "pr_auc": 0.7870389468911387,
  "accuracy": 0.7385480846504152,
  "f1": 0.7296398891966759,
  "brier": 0.18123881120813695,
  "ece": 0.007471455093054368,
  "f1_best": 0.7407653910149751,
  "threshold_f1": 0.3899999999999999,
  "f1_recall_08": 0.7417022674495025,
  "threshold_recall_08": 0.3781032875582728,
  "f1_recall_09": 0.7279953750060267,
  "threshold_recall_09": 0.2662375361859228
}