{
  "brier": 0.1770908560271852,
  "ece": 0.024823833130726062
}