{
  "brier": 0.17653773687189248,
  "ece": 0.017290404221440535
}