{
  "brier": 0.17643277919862366,
  "ece": 0.014959206648412117
}