{
  "brier": 0.17719400464799434,
  "ece": 0.02743910632430018
}