{
  "feature_importance": [
    0.00431044313471274,
    0.022405002201699505,
    0.032118216181003904,
    0.25521665106960323,
    0.10045252061427602,
    0.035686305730400485,
    0.00481985691859521,
    0.0022457586686098862,
    0.002195736179652017,
    0.006152975119104552,
    0.07795689078909121,
    0.03214366522445816,
    0.04332595773429553,
    0.009191238973745297,
    0.004847034522699311,
    0.10878139078438887,
    0.18156715230109877,
    0.021010821514706887,
    0.04039647263276367,
    0.0032087995854165143,
    0.005033667683540217,
    0.006933442436138041
  ],
  "n_features": 22,
  "top_k": 5
}