{
  "feature_importance": [
    0.003918897053856128,
    0.022464888901494683,
    0.032166470342822974,
    0.48928806593034907,
    0.03374120890060586,
    0.03340867875173039,
    0.004060321147633102,
    0.0011287173640981373,
    0.001567143142551418,
    0.007373254769069158,
    0.10406733512400858,
    0.01116929483032887,
    0.048778102356839874,
    0.001544981294473415,
    0.000562286377016814,
    0.022752857148840056,
    0.13263739627386253,
    0.004335579962257441,
    0.0343579962397854,
    0.0014124291168524392,
    0.003910934047650125,
    0.005353160923873388
  ],
  "n_features": 22,
  "top_k": 4
}