{
  "feature_importance": [
    0.0028184214322876555,
    0.01706928649158833,
    0.02548128752733045,
    0.3015095996364007,
    0.09398140327129384,
    0.03770546559997952,
    0.0043694870572644545,
    0.0020458331207804698,
    0.0021596287885357495,
    0.005516081898705648,
    0.07814768781646304,
    0.028473295418898977,
    0.03429323000573211,
    0.0058169010698864015,
    0.0026620700607797227,
    0.10291319564012609,
    0.1869623432313289,
    0.01731672383281652,
    0.038553434103886765,
    0.002502474132007356,
    0.004282120353853708,
    0.005420029510053585
  ],
  "n_features": 22,
  "top_k": 5
}