{
  "roc_auc": 0.7985300039631511,
  "pr_auc": 0.7813815381243768,
  "accuracy": 0.7347740667976425,
  "f1": 0.725152692948362,
  "brier": 0.18205777736605744,
  "ece": 0.009566837803616796,
  "f1_best": 0.7408704352176088,
  "threshold_f1": 0.3699999999999999,
  "f1_recall_08": 0.7411638108930736,
  "threshold_recall_08": 0.3650863131117772,
  "f1_recall_09": 0.7315904138951076,
  "threshold_recall_09": 0.264460846828897
}