{
  "roc_auc": 0.7989876930505009,
  "pr_auc": 0.7806167503561956,
  "accuracy": 0.7345061618146097,
  "f1": 0.7219156299691329,
  "brier": 0.1820425633553694,
  "ece": 0.012749816438043148,
  "f1_best": 0.7407347204161249,
  "threshold_f1": 0.34999999999999987,
  "f1_recall_08": 0.7414380781844734,
  "threshold_recall_08": 0.34912263821294287,
  "f1_recall_09": 0.7300253530847142,
  "threshold_recall_09": 0.2644073560380566
}