{
  "roc_auc": 0.7984515320398948,
  "pr_auc": 0.7801488075178153,
  "accuracy": 0.7333452402214681,
  "f1": 0.7207257762813318,
  "brier": 0.18213710354862106,
  "ece": 0.01195870004167342,
  "f1_best": 0.7423191278493558,
  "threshold_f1": 0.3599999999999999,
  "f1_recall_08": 0.7423429372903371,
  "threshold_recall_08": 0.35970009868132635,
  "f1_recall_09": 0.7309886617558391,
  "threshold_recall_09": 0.2633190803436569
}