{
  "roc_auc": 0.8020211592204255,
  "pr_auc": 0.7820198118702526,
  "accuracy": 0.7370066083229148,
  "f1": 0.7252542214758839,
  "brier": 0.18024408741729697,
  "ece": 0.01102276641953871,
  "f1_best": 0.7439824945295405,
  "threshold_f1": 0.34999999999999987,
  "f1_recall_08": 0.7442951933474349,
  "threshold_recall_08": 0.3487019387164945,
  "f1_recall_09": 0.7286384976044182,
  "threshold_recall_09": 0.26365774566772826
}