{
  "roc_auc": 0.8020176343637101,
  "pr_auc": 0.781944716540609,
  "accuracy": 0.7374531166279693,
  "f1": 0.7257462686567164,
  "brier": 0.1802326092343418,
  "ece": 0.011732113209158415,
  "f1_best": 0.7438806937915383,
  "threshold_f1": 0.34999999999999987,
  "f1_recall_08": 0.744252644927135,
  "threshold_recall_08": 0.3362891315888959,
  "f1_recall_09": 0.7296162200821373,
  "threshold_recall_09": 0.26501217517542863
}