{
  "feature_importance": [
    0.00466911889965583,
    0.028482026785370908,
    0.03545099629755162,
    0.3492201268274591,
    0.06924742892142001,
    0.035800519726331824,
    0.0044757866562242735,
    0.0024478054551188,
    0.0028156119465674615,
    0.007758347703183969,
    0.09712137910799103,
    0.021599801867188115,
    0.05048214129331448,
    0.003966589429127292,
    0.0016428849832050858,
    0.06017858599584991,
    0.16413589817579635,
    0.010276094341526808,
    0.03576141574382391,
    0.0021904116604579815,
    0.004559196426723723,
    0.007717831756111354
  ],
  "n_features": 22,
  "top_k": 6
}