{
  "feature_importance": [
    0.003334983408324968,
    0.016204314149567953,
    0.024085029300909423,
    0.4574548151433044,
    0.04808497791413646,
    0.03782564246110181,
    0.003379173848080447,
    0.0014070407533794604,
    0.0015791016631102662,
    0.006917651834485322,
    0.10528699745495117,
    0.015388406120083378,
    0.03730741740019926,
    0.0018708474106572397,
    0.000780893410532883,
    0.03443005406810179,
    0.1527969975056006,
    0.006012884090141274,
    0.036655009790543196,
    0.001193822916745815,
    0.0034719885925270887,
    0.004531950763515911
  ],
  "n_features": 22,
  "top_k": 4
}