{
  "feature_importance": [
    0.002541367638732354,
    0.011307775517975995,
    0.02010587499131033,
    0.2696862627754943,
    0.11362669225546577,
    0.043299097301715134,
    0.003636976790779101,
    0.0018333201470871225,
    0.0013847650083987023,
    0.004566265224853323,
    0.07133052495961315,
    0.037003390868014005,
    0.029201621037351317,
    0.008383042243925432,
    0.005589463130161942,
    0.10851506182725593,
    0.19293379234112595,
    0.025912175071285654,
    0.03885436794678376,
    0.0022720041766731455,
    0.0037193767709217695,
    0.004296781975075722
  ],
  "n_features": 22,
  "top_k": 5
}