{
  "roc_auc": 0.8019757188729952,
  "pr_auc": 0.7846829284793496,
  "accuracy": 0.7373638149669584,
  "f1": 0.726393152851428,
  "brier": 0.18002590686466083,
  "ece": 0.010585048962975465,
  "f1_best": 0.7433988874089164,
  "threshold_f1": 0.3199999999999999,
  "f1_recall_08": 0.7439243572220219,
  "threshold_recall_08": 0.31796003433519926,
  "f1_recall_09": 0.7296690563642803,
  "threshold_recall_09": 0.26090645435472887
}