{
  "roc_auc": 0.8022275786575764,
  "pr_auc": 0.7855284466864486,
  "accuracy": 0.7340596535095553,
  "f1": 0.7180458246544215,
  "brier": 0.18032600155071382,
  "ece": 0.014363401615748075,
  "f1_best": 0.7437699680511182,
  "threshold_f1": 0.32999999999999985,
  "f1_recall_08": 0.7443759506350336,
  "threshold_recall_08": 0.33192313642272714,
  "f1_recall_09": 0.7295770567304737,
  "threshold_recall_09": 0.2645979768264908
}