{
  "roc_auc": 0.8019513479179676,
  "pr_auc": 0.7847059584829599,
  "accuracy": 0.7376317199499911,
  "f1": 0.7271038454393461,
  "brier": 0.18004884952276293,
  "ece": 0.010846422924502079,
  "f1_best": 0.7430272641805077,
  "threshold_f1": 0.3199999999999999,
  "f1_recall_08": 0.7435634988877974,
  "threshold_recall_08": 0.32462315855067053,
  "f1_recall_09": 0.7298276111353359,
  "threshold_recall_09": 0.26109841198871564
}