{
  "n_d": 12,
  "n_a": 12,
  "n_steps": 4,
  "gamma": 1.625957341248133,
  "lambda_sparse": 0.0005927172136384618,
  "batch_size": 128,
  "epochs": 80,
  "lr": 0.0024260876636955963,
  "dropout": 0.15580833938492766,
  "input_dim": 19
}