{
  "feature_importance": [
    0.0062461401633482645,
    0.03138656688546298,
    0.04133811622283119,
    0.241786606838013,
    0.10394781121473352,
    0.03436998448342956,
    0.004508316046527825,
    0.002458446804847833,
    0.0016634588576823184,
    0.006782071139630846,
    0.0869872520998416,
    0.03632884496164262,
    0.057054421374923864,
    0.010357930301400635,
    0.005478371203244197,
    0.096522475322301,
    0.16127408941040847,
    0.021074035810844962,
    0.03606976558347333,
    0.002815718521926444,
    0.004295951443264762,
    0.007253625310220681
  ],
  "n_features": 22,
  "top_k": 6
}