{
  "feature_importance": [
    0.006754816646975426,
    0.034275018292642664,
    0.043778757433879226,
    0.2338310807485125,
    0.09764549679845583,
    0.033399586409603214,
    0.0044170821998229925,
    0.0025239515032698823,
    0.0017277139691443798,
    0.006946074757266951,
    0.08698819222561366,
    0.036886879006431485,
    0.06063567942259801,
    0.010260824377118496,
    0.005888824589064125,
    0.09698739915158264,
    0.16592397914286683,
    0.020447136101101503,
    0.03572950807238804,
    0.0029038308023860843,
    0.004451086843731925,
    0.007597081505544098
  ],
  "n_features": 22,
  "top_k": 6
}