{
  "feature_importance": [
    0.006716436352239968,
    0.03438698452495103,
    0.04326220212118372,
    0.23246252932817085,
    0.09997179263170065,
    0.03264051364418548,
    0.00450038218054118,
    0.0025556256659121906,
    0.0017235850170819462,
    0.0069388354921847365,
    0.08644770596629459,
    0.03659076568394011,
    0.06078997656004427,
    0.010488007168338547,
    0.005781691075894465,
    0.0985622327884505,
    0.1648507563502216,
    0.021344972946040666,
    0.03507856053865868,
    0.0028522217981253434,
    0.004392693502324744,
    0.007661528663514812
  ],
  "n_features": 22,
  "top_k": 6
}