{
  "roc_auc": 0.7982257539199936,
  "pr_auc": 0.7834104879074915,
  "accuracy": 0.7351549245468345,
  "f1": 0.7245542347696879,
  "brier": 0.18168325316822279,
  "ece": 0.009196705225595642,
  "f1_best": 0.738531722564839,
  "threshold_f1": 0.3899999999999999,
  "f1_recall_08": 0.7380481371082296,
  "threshold_recall_08": 0.3692379745861869,
  "f1_recall_09": 0.7253188135355715,
  "threshold_recall_09": 0.2596272188051568
}