{
  "roc_auc": 0.7981715350336291,
  "pr_auc": 0.7833298809424045,
  "accuracy": 0.7361371551031342,
  "f1": 0.7254482950850135,
  "brier": 0.18171402933591496,
  "ece": 0.00892727097040048,
  "f1_best": 0.7388330659461285,
  "threshold_f1": 0.38999999999999985,
  "f1_recall_08": 0.7385475778761326,
  "threshold_recall_08": 0.36715422011696963,
  "f1_recall_09": 0.725478899563001,
  "threshold_recall_09": 0.26348234063418025
}