{
  "roc_auc": 0.7983309704530033,
  "pr_auc": 0.7829231458553337,
  "accuracy": 0.7363157424770069,
  "f1": 0.7256850905712958,
  "brier": 0.1816115947529869,
  "ece": 0.009836307786880986,
  "f1_best": 0.7387107893829714,
  "threshold_f1": 0.4099999999999998,
  "f1_recall_08": 0.7379366368309972,
  "threshold_recall_08": 0.3560827165047138,
  "f1_recall_09": 0.7256229295212323,
  "threshold_recall_09": 0.2636672502250762
}