{
  "oof_model_metrics": {
    "rf": {
      "name": "rf",
      "pr_auc": 0.7871386174916717,
      "roc_auc": 0.8021643913054051,
      "f1_best": 0.7417235900208037,
      "thr_best": 0.35000000000000003,
      "brier": 0.18018702265167064,
      "ece": 0.01295149946919134
    },
    "tabnet": {
      "name": "tabnet",
      "pr_auc": 0.7859961504651731,
      "roc_auc": 0.8024820339591644,
      "f1_best": 0.7426113949427666,
      "thr_best": 0.35000000000000003,
      "brier": 0.1799971696837261,
      "ece": 0.009829262950585282
    }
  },
  "oof_pairwise_ci": {
    "RF vs TabNet": {
      "mean": 0.7871629296145592,
      "low": 0.7816316364989022,
      "high": 0.7924463163547272,
      "diff_mean": 0.001152540485651194,
      "diff_low": -0.0014273050166816403,
      "diff_high": 0.003677389548643095,
      "ap_b_mean": 0.7860103891289082,
      "ap_b_low": 0.7805376061679947,
      "ap_b_high": 0.7914814394514929
    }
  },
  "test_model_metrics": {
    "rf": {
      "name": "rf",
      "pr_auc": 0.7736731314617246,
      "roc_auc": 0.7978290665315724,
      "f1_best": 0.7408752025931928,
      "thr_best": 0.35000000000000003,
      "brier": 0.18264852527227451,
      "ece": 0.020154986176766164,
      "thr_deploy": 0.3599999999999999,
      "f1_at_deploy": 0.7391675981326846,
      "accuracy_at_deploy": 0.7166226159011357,
      "sensitivity_at_deploy": 0.8035739814152967,
      "specificity_at_deploy": 0.6297829811536265,
      "thr_deploy_source": "threshold_policy.json:oof_predictions"
    },
    "tabnet": {
      "name": "tabnet",
      "pr_auc": 0.7755191946995842,
      "roc_auc": 0.79794459328663,
      "f1_best": 0.7404462682739164,
      "thr_best": 0.35000000000000003,
      "brier": 0.18246520879206882,
      "ece": 0.01831618114138618,
      "thr_deploy": 0.34999999999999987,
      "f1_at_deploy": 0.7404462682739164,
      "accuracy_at_deploy": 0.7108364883205943,
      "sensitivity_at_deploy": 0.8254467476769121,
      "specificity_at_deploy": 0.5963735008566533,
      "thr_deploy_source": "threshold_policy.json:oof_predictions"
    }
  },
  "test_pairwise_ci": {
    "RF vs TabNet": {
      "mean": 0.7738339918280063,
      "low": 0.7623142122438048,
      "high": 0.7848913741189757,
      "diff_mean": -0.001774518603731039,
      "diff_low": -0.006552704979062818,
      "diff_high": 0.002889547240249661,
      "ap_b_mean": 0.7756085104317372,
      "ap_b_low": 0.7643600154473078,
      "ap_b_high": 0.7867821869491668
    }
  }
}