{
  "oof_model_metrics": {
    "rf": {
      "name": "rf",
      "pr_auc": 0.7872438616090631,
      "roc_auc": 0.802326785274079,
      "f1_best": 0.7415480281459663,
      "thr_best": 0.35000000000000003,
      "brier": 0.1800759501045985,
      "ece": 0.011525505028048142
    },
    "tabnet": {
      "name": "tabnet",
      "pr_auc": 0.7863361068371563,
      "roc_auc": 0.8024908237870874,
      "f1_best": 0.7424350187508082,
      "thr_best": 0.35000000000000003,
      "brier": 0.1799780045092981,
      "ece": 0.00894556121458776
    }
  },
  "oof_pairwise_ci": {
    "RF vs TabNet": {
      "mean": 0.7872580368115706,
      "low": 0.7817271844653041,
      "high": 0.7925867394840602,
      "diff_mean": 0.0009039647180977371,
      "diff_low": -0.0017479573926522025,
      "diff_high": 0.0033335969875705573,
      "ap_b_mean": 0.786354072093473,
      "ap_b_low": 0.7808587806767553,
      "ap_b_high": 0.7917506969424676
    }
  },
  "test_model_metrics": {
    "rf": {
      "name": "rf",
      "pr_auc": 0.7723182898788126,
      "roc_auc": 0.7969495119504875,
      "f1_best": 0.7393924783027965,
      "thr_best": 0.3,
      "brier": 0.18304878454132714,
      "ece": 0.01908797275314632,
      "thr_deploy": 0.34999999999999987,
      "f1_at_deploy": 0.7387105194466197,
      "accuracy_at_deploy": 0.7139795699692835,
      "sensitivity_at_deploy": 0.8091493924231594,
      "specificity_at_deploy": 0.6189320388349514,
      "thr_deploy_source": "threshold_policy.json:oof_predictions"
    },
    "tabnet": {
      "name": "tabnet",
      "pr_auc": 0.775884182338508,
      "roc_auc": 0.797921661429862,
      "f1_best": 0.7401300959618728,
      "thr_best": 0.35000000000000003,
      "brier": 0.18251375164454328,
      "ece": 0.0186673439474818,
      "thr_deploy": 0.3599999999999999,
      "f1_at_deploy": 0.7403939925882582,
      "accuracy_at_deploy": 0.7147653403814558,
      "sensitivity_at_deploy": 0.8140100071479628,
      "specificity_at_deploy": 0.615648201027984,
      "thr_deploy_source": "threshold_policy.json:oof_predictions"
    }
  },
  "test_pairwise_ci": {
    "RF vs TabNet": {
      "mean": 0.7723901913229573,
      "low": 0.7611538598425858,
      "high": 0.7836437307731697,
      "diff_mean": -0.0035656662347352723,
      "diff_low": -0.008387014142480767,
      "diff_high": 0.0010939764580087908,
      "ap_b_mean": 0.7759558575576925,
      "ap_b_low": 0.764501602501757,
      "ap_b_high": 0.7869971068413045
    }
  }
}